{
  "project_info": {
    "project_number": "724404550444",
    "project_id": "car-parking-8a20e",
    "storage_bucket": "car-parking-8a20e.appspot.com"
  },
  "client": [
    {
      "client_info": {
        "mobilesdk_app_id": "1:724404550444:android:320a79e0cefd5aa8334a89",
        "android_client_info": {
          "package_name": "com.example.car_parking"
        }
      },
      "oauth_client": [],
      "api_key": [
        {
          "current_key": "AIzaSyArm19N61cPstPNffWfjhfBZqKbhky0kto"
        }
      ],
      "services": {
        "appinvite_service": {
          "other_platform_oauth_client": []
        }
      }
    }
  ],
  "configuration_version": "1"
}